Dataset,Algorithm,Training Time,homo,compl,v-meas,ARI,AMI,silhouette,AIC,BIC
letter,kmeans spherical 5,0.9449999332427979,1.0,1.0,1.0,1.0,1.0,0.13888699877677652,1355302.1150129701,1356005.5254051457
letter,kmeans spherical 2,0.07899999618530273,1.0,1.0,1.0,1.0,1.0,0.17517084245603928,1400909.7644026375,1401186.3864669763
letter,kmeans spherical 3,0.15599989891052246,1.0,1.0,1.0,1.0,1.0,0.15426923028464468,1381732.7579632963,1382151.6428035807
letter,kmeans spherical 6,1.3020000457763672,1.0,1.0,1.0,1.0,1.0,0.13585684778058763,1337522.6713850722,1338368.3445531935
letter,kmeans spherical 4,0.17599987983703613,1.0,1.0,1.0,1.0,1.0,0.1357364836375361,1367519.0818540058,1368080.2294702358
letter,kmeans spherical 5,0.18799996376037598,1.0,1.0,1.0,1.0,1.0,0.13866723798756483,1355269.2940784311,1355972.7044706068
letter,kmeans spherical 6,0.1550002098083496,1.0,1.0,1.0,1.0,1.0,0.12954169690231515,1346960.6556484047,1347806.3288165261
letter,kmeans spherical 7,0.5309998989105225,1.0,1.0,1.0,1.0,1.0,0.12655449930446744,1329410.6772963637,1330398.6132404308
letter,kmeans spherical 8,0.312999963760376,1.0,1.0,1.0,1.0,1.0,0.14098443016941786,1324135.731557637,1325265.9302776495
letter,kmeans spherical 9,0.2710001468658447,1.0,1.0,1.0,1.0,1.0,0.13521881270801969,1309716.9342240226,1310989.3957199808
letter,kmeans spherical 10,0.4160001277923584,1.0,1.0,1.0,1.0,1.0,0.13614627641318081,1304069.154499006,1305483.87877091
letter,kmeans spherical 11,0.3810000419616699,1.0,1.0,1.0,1.0,1.0,0.13503285758174785,1302766.5200447978,1304323.5070926475
letter,kmeans spherical 12,0.5289998054504395,1.0,1.0,1.0,1.0,1.0,0.14354936839791779,1289201.1147693272,1290900.3645931224
letter,kmeans spherical 13,0.7060000896453857,1.0,1.0,1.0,1.0,1.0,0.13312502671722359,1284473.3130089927,1286314.8256087336
letter,kmeans spherical 14,0.687000036239624,1.0,1.0,1.0,1.0,1.0,0.13344116104379447,1278884.4220419992,1280868.1974176858
letter,kmeans spherical 15,0.6370000839233398,1.0,1.0,1.0,1.0,1.0,0.13517199152741385,1273594.0765330237,1275720.114684656
letter,kmeans spherical 16,0.4889998435974121,1.0,1.0,1.0,1.0,1.0,0.13268178414303805,1270013.6682288728,1272281.9691564506
letter,kmeans spherical 17,0.5399999618530273,1.0,1.0,1.0,1.0,1.0,0.14813181888518939,1264983.919849705,1267394.4835532284
letter,kmeans spherical 18,0.7260000705718994,1.0,1.0,1.0,1.0,1.0,0.13476517487720385,1260879.3435850767,1263432.1700645459
letter,kmeans spherical 19,0.8229999542236328,1.0,1.0,1.0,1.0,1.0,0.12459464785666999,1257732.7872230462,1260427.8764784611
letter,kmeans spherical 20,0.9559998512268066,1.0,1.0,1.0,1.0,1.0,0.14420941064309842,1251900.212378799,1254737.5644101594
letter,kmeans spherical 21,1.0309998989105225,1.0,1.0,1.0,1.0,1.0,0.13367878100015457,1253360.8446939832,1256340.4595012893
letter,kmeans spherical 22,1.3650000095367432,1.0,1.0,1.0,1.0,1.0,0.13014062102956064,1245023.1569750067,1248145.0345582585
letter,kmeans spherical 23,1.7200000286102295,1.0,1.0,1.0,1.0,1.0,0.1405243612399569,1240014.358840263,1243278.4991994605
letter,kmeans spherical 24,0.6589999198913574,1.0,1.0,1.0,1.0,1.0,0.12750750004780639,1244514.9864874668,1247921.3896226098
letter,kmeans spherical 25,1.6800000667572021,1.0,1.0,1.0,1.0,1.0,0.12735464280473421,1236197.8414153643,1239746.507326453
letter,kmeans spherical 26,1.5160000324249268,1.0,1.0,1.0,1.0,1.0,0.13779108610309174,1233387.4216445913,1237078.3503316257
letter,kmeans spherical 27,1.0250000953674316,1.0,1.0,1.0,1.0,1.0,0.12724232442189798,1232286.8338030484,1236120.0252660285
letter,kmeans spherical 28,1.0759999752044678,1.0,1.0,1.0,1.0,1.0,0.13213679886831597,1225526.435234101,1229501.8894730266
letter,kmeans spherical 29,0.9569997787475586,1.0,1.0,1.0,1.0,1.0,0.14065070469396065,1224799.9468105393,1228917.6638254107
letter,kmeans spherical 30,1.7139999866485596,1.0,1.0,1.0,1.0,1.0,0.14572976737760643,1215777.7917394994,1220037.7715303164
letter,kmeans spherical 31,1.2680001258850098,1.0,1.0,1.0,1.0,1.0,0.1367735189502485,1217702.2322553336,1222104.4748220963
letter,kmeans tied 2,0.19099998474121094,1.0,1.0,1.0,1.0,1.0,0.1540749857232096,1254779.8126073796,1256115.5020037582
letter,kmeans tied 3,0.6710000038146973,1.0,1.0,1.0,1.0,1.0,0.086545664430866989,1240923.0716840681,1242393.1203688397
letter,kmeans tied 4,0.9100000858306885,1.0,1.0,1.0,1.0,1.0,0.083655921819786316,1239742.2582467813,1241346.6662199462
letter,kmeans tied 5,0.9320001602172852,1.0,1.0,1.0,1.0,1.0,0.07780317617605137,1228692.0545365766,1230430.8217981346
letter,kmeans tied 6,1.124000072479248,1.0,1.0,1.0,1.0,1.0,0.090525309495879017,1220489.8671925191,1222362.9937424702
letter,kmeans tied 7,0.7320001125335693,1.0,1.0,1.0,1.0,1.0,0.10442294412188322,1214683.5474446083,1216691.0332829524
letter,kmeans tied 8,1.1349999904632568,1.0,1.0,1.0,1.0,1.0,0.097964407217768487,1201692.8149795709,1203834.6601063083
letter,kmeans tied 9,0.7599999904632568,1.0,1.0,1.0,1.0,1.0,0.10689840781761968,1193098.3237688707,1195374.5281840011
letter,kmeans tied 10,1.312000036239624,1.0,1.0,1.0,1.0,1.0,0.10005131303292669,1186532.6358889039,1188943.1995924274
letter,kmeans tied 11,1.5409998893737793,1.0,1.0,1.0,1.0,1.0,0.10898655158830235,1179566.5851293358,1182111.5081212523
letter,kmeans tied 12,2.513000011444092,1.0,1.0,1.0,1.0,1.0,0.10892484028807417,1177183.3692973533,1179862.6515776631
letter,kmeans tied 13,2.4690001010894775,1.0,1.0,1.0,1.0,1.0,0.11306812820849942,1172976.5533058299,1175790.1948745328
letter,kmeans tied 14,1.6459999084472656,1.0,1.0,1.0,1.0,1.0,0.11365889354814515,1168371.3316810054,1171319.3325381014
letter,kmeans tied 15,1.375,1.0,1.0,1.0,1.0,1.0,0.11120366568545423,1166211.5148434606,1169293.8749889496
letter,kmeans tied 16,2.680999994277954,1.0,1.0,1.0,1.0,1.0,0.10686581346555235,1163033.7334943018,1166250.4529281841
letter,kmeans tied 17,3.623000144958496,1.0,1.0,1.0,1.0,1.0,0.11100254541811388,1160472.8223160282,1163823.9010383035
letter,kmeans tied 18,2.0900001525878906,1.0,1.0,1.0,1.0,1.0,0.10430438920024901,1155677.837991697,1159163.2760023654
letter,kmeans tied 19,3.0869998931884766,1.0,1.0,1.0,1.0,1.0,0.11122482069187566,1149647.7022859219,1153267.4995849833
letter,kmeans tied 20,2.3399999141693115,1.0,1.0,1.0,1.0,1.0,0.10853342084658479,1147087.0971373392,1150841.2537247939
letter,kmeans tied 21,3.3299999237060547,1.0,1.0,1.0,1.0,1.0,0.10072952009142458,1144838.4462036067,1148726.9620794544
letter,kmeans tied 22,3.0940001010894775,1.0,1.0,1.0,1.0,1.0,0.10839427875930222,1141512.3083809882,1145535.183545229
letter,kmeans tied 23,5.261000156402588,1.0,1.0,1.0,1.0,1.0,0.11019772189867406,1144035.4243934834,1148192.6588461176
letter,kmeans tied 24,3.507999897003174,1.0,1.0,1.0,1.0,1.0,0.10281012042491332,1139713.0028357906,1144004.5965768178
letter,kmeans tied 25,4.359999895095825,1.0,1.0,1.0,1.0,1.0,0.1105256578709517,1132774.6971822702,1137200.6502116905
letter,kmeans tied 26,5.584000110626221,1.0,1.0,1.0,1.0,1.0,0.09738480572463222,1133804.1315601564,1138364.4438779696
letter,kmeans tied 27,5.931999921798706,1.0,1.0,1.0,1.0,1.0,0.10291433326442752,1132312.1815580267,1137006.8531642333
letter,kmeans tied 28,7.0980000495910645,1.0,1.0,1.0,1.0,1.0,0.10162024616696323,1127588.8038424125,1132417.8347370122
letter,kmeans tied 29,6.763999938964844,1.0,1.0,1.0,1.0,1.0,0.11205783199419511,1124625.2331969107,1129588.6233799034
letter,kmeans tied 30,8.8510000705719,1.0,1.0,1.0,1.0,1.0,0.10739283745480123,1120467.0069973436,1125564.7564687293
letter,kmeans tied 31,7.885999917984009,1.0,1.0,1.0,1.0,1.0,0.10244278400897544,1122110.2634829697,1127342.3722427487
letter,kmeans diag 2,0.0709998607635498,1.0,1.0,1.0,1.0,1.0,0.17022737097172941,1359990.4477020663,1360504.1743929812
letter,kmeans diag 3,0.19299983978271484,1.0,1.0,1.0,1.0,1.0,0.14744550118400207,1341734.5034698863,1342509.0452500349
letter,kmeans diag 4,0.28099989891052246,1.0,1.0,1.0,1.0,1.0,0.10781918183220543,1314784.9151226906,1315820.2719920729
letter,kmeans diag 5,0.3510000705718994,1.0,1.0,1.0,1.0,1.0,0.11629672489928744,1297733.7770310205,1299029.9489896365
letter,kmeans diag 6,0.3489999771118164,1.0,1.0,1.0,1.0,1.0,0.10868300901839759,1291266.3625005893,1292823.349548439
letter,kmeans diag 7,0.5529999732971191,1.0,1.0,1.0,1.0,1.0,0.099957672433445485,1207775.7761453371,1209593.5782824205
letter,kmeans diag 8,0.48599982261657715,1.0,1.0,1.0,1.0,1.0,0.093636366883692659,1189449.0870463669,1191527.7042726839
letter,kmeans diag 9,0.7860000133514404,1.0,1.0,1.0,1.0,1.0,0.10391452888865288,1182687.6749496651,1185027.1072652158
letter,kmeans diag 10,0.7829999923706055,1.0,1.0,1.0,1.0,1.0,0.06364671209962483,1161283.4725703406,1163883.719975125
letter,kmeans diag 11,1.0150001049041748,1.0,1.0,1.0,1.0,1.0,0.086889227874967487,1171035.7364662625,1173896.7989602806
letter,kmeans diag 12,1.2360000610351562,1.0,1.0,1.0,1.0,1.0,0.096999639292492154,1165965.1381420135,1169087.0157252653
letter,kmeans diag 13,1.5980000495910645,1.0,1.0,1.0,1.0,1.0,0.046912178788743771,1144082.2284596984,1147464.9211321839
letter,kmeans diag 14,1.1419999599456787,1.0,1.0,1.0,1.0,1.0,0.080323148812476625,1151742.6203586361,1155386.1281203553
letter,kmeans diag 15,2.2130000591278076,1.0,1.0,1.0,1.0,1.0,0.02129106080371547,1111590.4611841454,1115494.7840350983
letter,kmeans diag 16,1.366999864578247,1.0,1.0,1.0,1.0,1.0,0.083581360201213831,1127874.4221246312,1132039.5600648178
letter,kmeans diag 17,1.930999994277954,1.0,1.0,1.0,1.0,1.0,0.065011638146142664,1124142.8764079898,1128568.82943741
letter,kmeans diag 18,2.42900013923645,1.0,1.0,1.0,1.0,1.0,0.025499486394970655,1096470.9028863949,1101157.6710050488
letter,kmeans diag 19,1.7700002193450928,1.0,1.0,1.0,1.0,1.0,0.074292527784889359,1124867.9282880162,1129815.5114959038
letter,kmeans diag 20,2.2049999237060547,1.0,1.0,1.0,1.0,1.0,0.066919885196469381,1109433.9907665264,1114642.3890636477
letter,kmeans diag 21,2.7690000534057617,1.0,1.0,1.0,1.0,1.0,0.027333814656677252,1062405.9919189792,1067875.2053053342
letter,kmeans diag 22,2.059000015258789,1.0,1.0,1.0,1.0,1.0,0.023052575910509996,1080285.7757378619,1086015.8042134505
letter,kmeans diag 23,2.490999937057495,1.0,1.0,1.0,1.0,1.0,0.017246603317465407,1057822.3445623801,1063813.1881272024
letter,kmeans diag 24,2.2950000762939453,1.0,1.0,1.0,1.0,1.0,0.043055569928793155,1072401.9012499319,1078653.5599039879
letter,kmeans diag 25,2.614000082015991,1.0,1.0,1.0,1.0,1.0,0.027502679766487313,1057459.2676307331,1063971.7413740228
letter,kmeans diag 26,2.558000087738037,1.0,1.0,1.0,1.0,1.0,0.017215538180195784,1037730.7155306062,1044504.0043631297
letter,kmeans diag 27,3.93500018119812,1.0,1.0,1.0,1.0,1.0,-0.0024766966902384376,1011275.5861281346,1018309.6900498918
letter,kmeans diag 28,3.0340001583099365,1.0,1.0,1.0,1.0,1.0,-0.027107896584853984,996837.18536385521,1004132.1043748461
letter,kmeans diag 29,3.312999963760376,1.0,1.0,1.0,1.0,1.0,0.028220850496085831,1017493.5739964102,1025049.3080966348
letter,kmeans diag 30,4.411999940872192,1.0,1.0,1.0,1.0,1.0,0.031031631063593017,1019077.3460692476,1026893.8952587058
letter,kmeans diag 31,2.427999973297119,1.0,1.0,1.0,1.0,1.0,0.04048544815464071,1005629.7909774098,1013707.1552561017
letter,kmeans full 2,0.6619999408721924,1.0,1.0,1.0,1.0,1.0,0.090262588706656433,1201813.3071364886,1204223.8708400121
letter,kmeans full 3,0.500999927520752,1.0,1.0,1.0,1.0,1.0,0.11160813526811175,1173337.6165864069,1176957.4138854684
letter,kmeans full 4,1.1080000400543213,1.0,1.0,1.0,1.0,1.0,0.077826668365784529,1140615.5844765988,1145444.6153711984
letter,kmeans full 5,1.7960000038146973,1.0,1.0,1.0,1.0,1.0,0.059333686801211039,1119347.2389322203,1125385.5034223578
letter,kmeans full 6,2.6429998874664307,1.0,1.0,1.0,1.0,1.0,0.075292925248097317,1079311.2288013713,1086558.7268870468
letter,kmeans full 7,2.6010000705718994,1.0,1.0,1.0,1.0,1.0,0.070899085574025328,1053047.5349039324,1061504.2665851461
letter,kmeans full 8,2.177999973297119,1.0,1.0,1.0,1.0,1.0,0.088689593046412663,1048874.5278897681,1058540.4931665198
letter,kmeans full 9,2.1590001583099365,1.0,1.0,1.0,1.0,1.0,0.076455999827430343,1031877.1243721185,1042752.3232444082
letter,kmeans full 10,4.539999961853027,1.0,1.0,1.0,1.0,1.0,0.070259863105959025,1018224.9553348442,1030309.3878026719
letter,kmeans full 11,3.2929999828338623,1.0,1.0,1.0,1.0,1.0,0.076405263520572975,1008294.1641842745,1021587.8302476403
letter,kmeans full 12,3.065999984741211,1.0,1.0,1.0,1.0,1.0,0.061625842919605461,1011673.0278654807,1026175.9275243846
letter,kmeans full 13,4.455000162124634,1.0,1.0,1.0,1.0,1.0,0.057237119622217406,900613.68473833206,916325.81799277384
letter,kmeans full 14,6.141000032424927,1.0,1.0,1.0,1.0,1.0,0.059754537388188929,894242.11724456493,911163.48409454478
letter,kmeans full 15,3.821000099182129,1.0,1.0,1.0,1.0,1.0,0.079317524140017456,954980.14383830409,973110.74428382202
letter,kmeans full 16,5.868000030517578,1.0,1.0,1.0,1.0,1.0,0.07325745328875316,954286.69156271161,973626.52560376748
letter,kmeans full 17,10.615999937057495,1.0,1.0,1.0,1.0,1.0,0.048903395981145778,869084.07097974792,889633.13861634186
letter,kmeans full 18,5.709000110626221,1.0,1.0,1.0,1.0,1.0,0.075526313942274936,938161.41158773541,959919.71281986742
letter,kmeans full 19,9.585999965667725,1.0,1.0,1.0,1.0,1.0,0.035786561894493425,862618.48861851206,885586.02344618202
letter,kmeans full 20,18.664000034332275,1.0,1.0,1.0,1.0,1.0,0.033860497546833901,884141.23313201009,908318.00155521813
letter,kmeans full 21,9.776999950408936,1.0,1.0,1.0,1.0,1.0,0.028181782478221406,883322.6717920003,908708.67381074629
letter,kmeans full 22,10.3510000705719,1.0,1.0,1.0,1.0,1.0,0.033790919336124291,868005.82419402502,894601.05980830907
letter,kmeans full 23,12.51200008392334,1.0,1.0,1.0,1.0,1.0,0.025082745873118324,817011.30704099301,844815.77625081514
letter,kmeans full 24,15.0,1.0,1.0,1.0,1.0,1.0,0.043302597291656419,887500.63078067114,916514.33358603122
letter,kmeans full 25,11.894999980926514,1.0,1.0,1.0,1.0,1.0,0.066165767575758247,894827.08251426823,925050.01891516638
letter,kmeans full 26,15.302000045776367,1.0,1.0,1.0,1.0,1.0,0.053344600315492575,895525.6791011435,926957.84909757972
letter,kmeans full 27,22.906999826431274,1.0,1.0,1.0,1.0,1.0,0.019650972105990625,850679.83330046991,883321.23689244408
letter,kmeans full 28,19.072999954223633,1.0,1.0,1.0,1.0,1.0,0.057795028339905664,852580.3563747853,886430.99356229755
letter,kmeans full 29,15.569000005722046,1.0,1.0,1.0,1.0,1.0,0.058950500346450191,860116.41396810138,895176.28475115169
letter,kmeans full 30,22.867000102996826,1.0,1.0,1.0,1.0,1.0,0.0585613315725265,852660.55927533808,888929.66365392634
letter,kmeans full 31,16.69600009918213,1.0,1.0,1.0,1.0,1.0,0.041882554859615555,824365.34193455603,861843.67990868236
letter,random spherical 2,0.029000043869018555,1.0,1.0,1.0,1.0,1.0,0.084434240439313385,1444457.8120903471,1444734.4341546858
letter,random spherical 3,0.21000003814697266,1.0,1.0,1.0,1.0,1.0,0.14835558891069353,1384771.6462002797,1385190.5310405642
letter,random spherical 4,0.18799996376037598,1.0,1.0,1.0,1.0,1.0,0.1358913786737462,1367498.5184261973,1368059.6660424273
letter,random spherical 5,0.21199989318847656,1.0,1.0,1.0,1.0,1.0,0.11112356047942284,1351842.800114633,1352546.2105068087
letter,random spherical 6,0.2049999237060547,1.0,1.0,1.0,1.0,1.0,0.1351476288047683,1337490.2738593847,1338335.9470275061
letter,random spherical 7,0.38300013542175293,1.0,1.0,1.0,1.0,1.0,0.14182437355465674,1328631.1698148665,1329619.1057589336
letter,random spherical 8,0.47300004959106445,1.0,1.0,1.0,1.0,1.0,0.12567279862691358,1320176.3785908786,1321306.5773108911
letter,random spherical 9,0.48399996757507324,1.0,1.0,1.0,1.0,1.0,0.1240621099586935,1311048.3045327787,1312320.766028737
letter,random spherical 10,0.6619999408721924,1.0,1.0,1.0,1.0,1.0,0.11559817658224864,1306946.8409601972,1308361.5652321011
letter,random spherical 11,0.629000186920166,1.0,1.0,1.0,1.0,1.0,0.13696392915141306,1296609.769190999,1298166.7562388487
letter,random spherical 12,0.7660000324249268,1.0,1.0,1.0,1.0,1.0,0.11909297394056821,1292576.0057920073,1294275.2556158025
letter,random spherical 13,1.504000186920166,1.0,1.0,1.0,1.0,1.0,0.13008339221558515,1285493.2950990296,1287334.8076987704
letter,random spherical 14,1.1559998989105225,1.0,1.0,1.0,1.0,1.0,0.10889241481526174,1284064.420810292,1286048.1961859786
letter,random spherical 15,0.8519999980926514,1.0,1.0,1.0,1.0,1.0,0.1236887197450216,1277468.0826335303,1279594.1207851626
letter,random spherical 16,0.7739999294281006,1.0,1.0,1.0,1.0,1.0,0.11341743971285682,1277361.3237287933,1279629.6246563711
letter,random spherical 17,1.188999891281128,1.0,1.0,1.0,1.0,1.0,0.12452190827866694,1266426.1194094925,1268836.683113016
letter,random spherical 18,1.8629999160766602,1.0,1.0,1.0,1.0,1.0,0.11252081987662441,1263422.5825728243,1265975.4090522935
letter,random spherical 19,0.932999849319458,1.0,1.0,1.0,1.0,1.0,0.12603375677497744,1257307.3323187856,1260002.4215742005
letter,random spherical 20,1.307999849319458,1.0,1.0,1.0,1.0,1.0,0.11531189948436972,1255788.4965450277,1258625.8485763881
letter,random spherical 21,1.694000005722046,1.0,1.0,1.0,1.0,1.0,0.11928354446218947,1252797.2580180613,1255776.8728253674
letter,random spherical 22,1.2740001678466797,1.0,1.0,1.0,1.0,1.0,0.11816492718674708,1253674.8638362321,1256796.7414194839
letter,random spherical 23,1.7179999351501465,1.0,1.0,1.0,1.0,1.0,0.12433076507429232,1243091.661191829,1246355.8015510265
letter,random spherical 24,2.194999933242798,1.0,1.0,1.0,1.0,1.0,0.12757585929445914,1238382.8277933877,1241789.2309285307
letter,random spherical 25,2.1050000190734863,1.0,1.0,1.0,1.0,1.0,0.13127822439754339,1236372.0894093867,1239920.7553204754
letter,random spherical 26,2.122999906539917,1.0,1.0,1.0,1.0,1.0,0.12173514881437764,1234393.5108433843,1238084.4395304187
letter,random spherical 27,2.501999855041504,1.0,1.0,1.0,1.0,1.0,0.12905882109956507,1231773.8146257282,1235607.0060887083
letter,random spherical 28,2.370999813079834,1.0,1.0,1.0,1.0,1.0,0.13097540641224534,1227125.2135842526,1231100.6678231782
letter,random spherical 29,2.120999813079834,1.0,1.0,1.0,1.0,1.0,0.12916044828939147,1224760.4714770359,1228878.1884919072
letter,random spherical 30,2.437999963760376,1.0,1.0,1.0,1.0,1.0,0.14067590298436394,1218393.6628700616,1222653.6426608786
letter,random spherical 31,2.7780001163482666,1.0,1.0,1.0,1.0,1.0,0.12358203378529965,1218887.8379951941,1223290.0805619569
letter,random tied 2,0.06800007820129395,1.0,1.0,1.0,1.0,1.0,0.054151252020908376,1257192.4832964819,1258528.1726928605
letter,random tied 3,0.08800005912780762,1.0,1.0,1.0,1.0,1.0,0.016465296384148349,1257226.4845410483,1258696.5332258199
letter,random tied 4,0.06999993324279785,1.0,1.0,1.0,1.0,1.0,0.014108715420239644,1257260.4787832852,1258864.8867564502
letter,random tied 5,0.09100008010864258,1.0,1.0,1.0,1.0,1.0,-0.016656056945802702,1257294.4811133053,1259033.2483748633
letter,random tied 6,0.0989999771118164,1.0,1.0,1.0,1.0,1.0,0.016692088372566621,1257328.4756754581,1259201.6022254091
letter,random tied 7,0.11400008201599121,1.0,1.0,1.0,1.0,1.0,-0.014158400786936313,1257362.4841293357,1259369.9699676798
letter,random tied 8,0.1359999179840088,1.0,1.0,1.0,1.0,1.0,-0.01245524572988539,1257396.4829594661,1259538.3280862034
letter,random tied 9,0.22600007057189941,1.0,1.0,1.0,1.0,1.0,-0.036982638867876047,1257430.4807695735,1259706.6851847039
letter,random tied 10,0.18499994277954102,1.0,1.0,1.0,1.0,1.0,-0.029507596175714069,1257464.481413313,1259875.0451168364
letter,random tied 11,0.1919999122619629,1.0,1.0,1.0,1.0,1.0,-0.024005081351875818,1257498.4910907296,1260043.4140826461
letter,random tied 12,0.22999978065490723,1.0,1.0,1.0,1.0,1.0,-0.022974010302619585,1257532.4817834517,1260211.7640637616
letter,random tied 13,0.23000001907348633,1.0,1.0,1.0,1.0,1.0,-0.018369442163792316,1257566.4760046371,1260380.11757334
letter,random tied 14,0.24699997901916504,1.0,1.0,1.0,1.0,1.0,-0.035745720202255055,1257600.4817516338,1260548.4826087297
letter,random tied 15,0.2720000743865967,1.0,1.0,1.0,1.0,1.0,-0.064808183677369152,1257634.4861271926,1260716.8462726816
letter,random tied 16,0.2839999198913574,1.0,1.0,1.0,1.0,1.0,-0.043047686023656648,1257668.4791221879,1260885.1985560702
letter,random tied 17,0.2950000762939453,1.0,1.0,1.0,1.0,1.0,-0.041994755467932257,1257702.4846575982,1261053.5633798735
letter,random tied 18,0.33700013160705566,1.0,1.0,1.0,1.0,1.0,-0.068803259440618408,1257736.4846533807,1261221.9226640491
letter,random tied 19,0.4160001277923584,1.0,1.0,1.0,1.0,1.0,-0.042839944647278978,1257770.4826567885,1261390.27995585
letter,random tied 20,0.3450000286102295,1.0,1.0,1.0,1.0,1.0,-0.043097220408593172,1257804.4840570649,1261558.6406445196
letter,random tied 21,0.4869999885559082,1.0,1.0,1.0,1.0,1.0,-0.060619779340588875,1257838.4835668516,1261726.9994426994
letter,random tied 22,0.45200014114379883,1.0,1.0,1.0,1.0,1.0,-0.072823245189600649,1257872.4778436741,1261895.353007915
letter,random tied 23,0.4009997844696045,1.0,1.0,1.0,1.0,1.0,-0.084143331409758368,1257906.4822236986,1262063.7166763328
letter,random tied 24,0.41100001335144043,1.0,1.0,1.0,1.0,1.0,-0.076965960459773261,1257940.4839177039,1262232.077658731
letter,random tied 25,0.4179999828338623,1.0,1.0,1.0,1.0,1.0,-0.077032259453025637,1257974.4823582813,1262400.4353877015
letter,random tied 26,0.4069998264312744,1.0,1.0,1.0,1.0,1.0,-0.073692597755896094,1258008.4823340923,1262568.7946519055
letter,random tied 27,0.42600011825561523,1.0,1.0,1.0,1.0,1.0,-0.10680210352897232,1258042.4826891343,1262737.1542953409
letter,random tied 28,0.4660000801086426,1.0,1.0,1.0,1.0,1.0,-0.057013731013104495,1258076.4820765916,1262905.5129711912
letter,random tied 29,0.4550001621246338,1.0,1.0,1.0,1.0,1.0,-0.067918245329179575,1258110.4828017324,1263073.8729847251
letter,random tied 30,0.5269999504089355,1.0,1.0,1.0,1.0,1.0,-0.073533175900812764,1258144.4826760301,1263242.2321474159
letter,random tied 31,0.5240001678466797,1.0,1.0,1.0,1.0,1.0,-0.10243074088432991,1258178.4818528332,1263410.5906126122
letter,random diag 2,0.07999992370605469,1.0,1.0,1.0,1.0,1.0,0.16892316555496545,1360027.5794026651,1360541.3060935801
letter,random diag 3,0.18000006675720215,1.0,1.0,1.0,1.0,1.0,0.098716583668731581,1333347.3834852295,1334121.9252653781
letter,random diag 4,0.1640000343322754,1.0,1.0,1.0,1.0,1.0,0.090501593903358227,1312450.7625186546,1313486.1193880369
letter,random diag 5,0.21199989318847656,1.0,1.0,1.0,1.0,1.0,0.094119883944086657,1300983.582273623,1302279.754232239
letter,random diag 6,0.4589998722076416,1.0,1.0,1.0,1.0,1.0,0.068558176887353175,1285308.7794678889,1286865.7665157386
letter,random diag 7,0.6420001983642578,1.0,1.0,1.0,1.0,1.0,0.040072903909302508,1190889.6221627584,1192707.4242998417
letter,random diag 8,0.6679999828338623,1.0,1.0,1.0,1.0,1.0,0.023699111780108792,1186704.0419329966,1188782.6591593137
letter,random diag 9,0.5,1.0,1.0,1.0,1.0,1.0,0.020226678584140161,1176876.7215798032,1179216.1538953539
letter,random diag 10,0.5160000324249268,1.0,1.0,1.0,1.0,1.0,0.016019641978702467,1175971.7818873082,1178572.0292920927
letter,random diag 11,0.7669999599456787,1.0,1.0,1.0,1.0,1.0,0.024483430590532068,1164933.7233292516,1167794.7858232697
letter,random diag 12,0.7660000324249268,1.0,1.0,1.0,1.0,1.0,0.010794752202547268,1159442.5291633953,1162564.4067466471
letter,random diag 13,1.051999807357788,1.0,1.0,1.0,1.0,1.0,-0.0099745428031495983,1124773.8577744232,1128156.5504469087
letter,random diag 14,1.0329999923706055,1.0,1.0,1.0,1.0,1.0,-0.0098097290927536326,1104895.2563962238,1108538.764157943
letter,random diag 15,1.117999792098999,1.0,1.0,1.0,1.0,1.0,0.013948323356862673,1144946.167462107,1148850.4903130599
letter,random diag 16,1.7030000686645508,1.0,1.0,1.0,1.0,1.0,-0.01559646851051865,1096751.7336395343,1100916.8715797209
letter,random diag 17,1.198000192642212,1.0,1.0,1.0,1.0,1.0,0.0060692529139552871,1139500.5249265521,1143926.4779559723
letter,random diag 18,1.7079999446868896,1.0,1.0,1.0,1.0,1.0,-0.02453386340498423,1108084.5523411056,1112771.3204597596
letter,random diag 19,1.4500000476837158,1.0,1.0,1.0,1.0,1.0,-0.0094876484922816143,1076549.7881652196,1081497.3713731072
letter,random diag 20,1.3519999980926514,1.0,1.0,1.0,1.0,1.0,-0.0098404871038603476,1072155.8627472681,1077364.2610443893
letter,random diag 21,1.4040000438690186,1.0,1.0,1.0,1.0,1.0,0.023340210775215347,1088238.3349676572,1093707.5483540122
letter,random diag 22,2.743000030517578,1.0,1.0,1.0,1.0,1.0,-0.025813816678985437,1080203.5751150404,1085933.6035906291
letter,random diag 23,1.7630000114440918,1.0,1.0,1.0,1.0,1.0,-0.018316645530887139,1068796.9577142261,1074787.8012790484
letter,random diag 24,1.9869999885559082,1.0,1.0,1.0,1.0,1.0,0.017727396477930649,1087910.1600030125,1094161.8186570685
letter,random diag 25,4.0,1.0,1.0,1.0,1.0,1.0,-0.065586266451207159,1017957.8221777808,1024470.2959210706
letter,random diag 26,2.046999931335449,1.0,1.0,1.0,1.0,1.0,0.011353390691303752,1079010.0785695664,1085783.3674020898
letter,random diag 27,3.0460000038146973,1.0,1.0,1.0,1.0,1.0,-0.054561849329272369,1010621.4754711896,1017655.5793929468
letter,random diag 28,4.944999933242798,1.0,1.0,1.0,1.0,1.0,-0.029826999993556962,954396.03166442795,961690.95067541883
letter,random diag 29,3.922999858856201,1.0,1.0,1.0,1.0,1.0,-0.04685290531940433,993871.49761519255,1001427.2317154171
letter,random diag 30,3.382999897003174,1.0,1.0,1.0,1.0,1.0,-0.060181042399197533,997482.41056765616,1005298.9597571144
letter,random diag 31,3.38700008392334,1.0,1.0,1.0,1.0,1.0,-0.03308747602585016,998013.45321233233,1006090.8174910243
letter,random full 2,0.6349999904632568,1.0,1.0,1.0,1.0,1.0,0.045348238317842605,1208717.9236856452,1211128.4873891687
letter,random full 3,0.6019999980926514,1.0,1.0,1.0,1.0,1.0,0.078504027933183285,1160907.9113956559,1164527.7086947174
letter,random full 4,0.8490002155303955,1.0,1.0,1.0,1.0,1.0,0.047343461835382059,1141446.4153284649,1146275.4462230646
letter,random full 5,1.440000057220459,1.0,1.0,1.0,1.0,1.0,0.061190061118392508,1119086.8290007887,1125125.0934909263
letter,random full 6,1.2840001583099365,1.0,1.0,1.0,1.0,1.0,0.054469093708286002,1096852.5960656889,1104100.0941513644
letter,random full 7,2.121999979019165,1.0,1.0,1.0,1.0,1.0,0.068903777981006317,1076720.753540884,1085177.4852220977
letter,random full 8,3.370000123977661,1.0,1.0,1.0,1.0,1.0,0.072679564900761509,1057424.667073149,1067090.6323499007
letter,random full 9,4.415999889373779,1.0,1.0,1.0,1.0,1.0,0.025067502132702663,1034052.9797636543,1044928.178635944
letter,random full 10,5.822000026702881,1.0,1.0,1.0,1.0,1.0,0.018379972708619435,1039566.9719883759,1051651.4044562036
letter,random full 11,5.448000192642212,1.0,1.0,1.0,1.0,1.0,0.032370753200771506,997484.10746087274,1010777.7735242385
letter,random full 12,6.187000036239624,1.0,1.0,1.0,1.0,1.0,0.014809329452289166,963356.29664500267,977859.1963039065
letter,random full 13,9.569000005722046,1.0,1.0,1.0,1.0,1.0,0.038235806760479565,918662.8681763669,934375.00143080868
letter,random full 14,3.6030001640319824,1.0,1.0,1.0,1.0,1.0,0.031645106872635644,922513.49763780821,939434.86448778806
letter,random full 15,10.00599980354309,1.0,1.0,1.0,1.0,1.0,0.072023320815054429,975708.25881569716,993838.85926121508
letter,random full 16,7.240999937057495,1.0,1.0,1.0,1.0,1.0,0.036915193674582854,931888.45782015554,951228.29186121142
letter,random full 17,7.950999975204468,1.0,1.0,1.0,1.0,1.0,0.029861234676175779,876779.11653182493,897328.18416841887
letter,random full 18,10.655999898910522,1.0,1.0,1.0,1.0,1.0,0.017965753143287799,891848.71906092623,913607.02029305825
letter,random full 19,10.427000045776367,1.0,1.0,1.0,1.0,1.0,0.038118834881231793,920350.15402349329,943317.68885116326
letter,random full 20,11.664999961853027,1.0,1.0,1.0,1.0,1.0,0.010432618679493914,915800.76017861511,939977.52860182314
letter,random full 21,9.81000018119812,1.0,1.0,1.0,1.0,1.0,0.009549773199176239,862813.38171350793,888199.38373225392
letter,random full 22,10.930999994277954,1.0,1.0,1.0,1.0,1.0,0.01632556579119962,883142.71270652022,909737.94832080428
letter,random full 23,10.085999965667725,1.0,1.0,1.0,1.0,1.0,0.0184485141698532,833895.46131117619,861699.93052099831
letter,random full 24,11.913000106811523,1.0,1.0,1.0,1.0,1.0,0.0051740557687932663,886328.00584889972,915341.7086542598
letter,random full 25,28.180000066757202,1.0,1.0,1.0,1.0,1.0,0.021956417945483992,823367.94425730372,853590.88065820187
letter,random full 26,10.880000114440918,1.0,1.0,1.0,1.0,1.0,0.0120893029442053,825220.01190936519,856652.18190580141
letter,random full 27,21.55399990081787,1.0,1.0,1.0,1.0,1.0,0.023089496155843124,855937.51789413881,888578.92148611299
letter,random full 28,13.674999952316284,1.0,1.0,1.0,1.0,1.0,0.018004035097823633,855468.32007071993,889318.95725823217
letter,random full 29,10.108999967575073,1.0,1.0,1.0,1.0,1.0,-0.001809738532888865,862127.89382790681,897187.76461095712
letter,random full 30,16.19600009918213,1.0,1.0,1.0,1.0,1.0,0.013472494871795802,870898.69047736726,907167.79485595552
letter,random full 31,27.457000017166138,1.0,1.0,1.0,1.0,1.0,0.022407293792886845,850779.1231515496,888257.46112567594
